# zone|msi|covered_msi|total|status|evidence|reason  (generated by build/gen_zone_tables.py)
d-validation|85.14|89.03|572|DEBT|docs/mutation/evidence/infection-summary-d-validation.json|measured MSI 85.14 below the 95 target
d-resource|89.34|90.04|516|DEBT|docs/mutation/evidence/infection-summary-d-resource.json|measured MSI 89.34 below the 95 target
d-obs-job|91.59|93.09|618|DEBT|docs/mutation/evidence/infection-summary-d-obs-job.json|measured MSI 91.59 below the 95 target
d-container-config|91.41|93.26|908|DEBT|docs/mutation/evidence/infection-summary-d-container-config.json|measured MSI 91.41 below the 95 target (v2.21.1 re-measure)
d-misc|95.74|96.86|1128|OK|docs/mutation/evidence/infection-summary-d-misc.json|re-measured at the ZEF-DEEP-12 fix head (issue #166) in two directory-group passes: the zone had drifted +462 mutants since the v2.21-era row (666 -> 1128) without intermediate measurement; the fresh number crosses the 95 target, so the zone is promoted DEBT -> OK and the frozen floor ratchets up (94.44 -> 95.74); ServiceNotFoundException's additive hint parameter is fully killed by ContainerPsr11DeferredFrozenTest (base-message BC + hint append)
app-container-core|98.04|100.00|306|OK|docs/mutation/evidence/infection-summary-app-container-core.json|re-measured at the ZEF-DEEP-12 fix head (issue #166): the frozen deferred path now throws ServiceNotFoundException (PSR-11) with the guidance hint; zero escapes, the 6 not-covered entries stay the pre-existing defensive lines; zone 97.39/306 -> 98.04/306
app-container-2|97.19|100.00|178|OK|docs/mutation/evidence/infection-summary-app-container-2.json|re-measured at the ZEF-DEEP-11 fix head (issue #165): the cross-scope budget is now keyed consumer=>target per its documented DependencyGraphValidator mirroring; RadixCrossScopeBudgetPairTest pins the pair semantics, the anonymous '' bucket for unscoped/public consumers, edge dedup and the violation message; zero escapes, 5 not-covered stay the pre-existing defensive lines; zone 96.97/165 -> 97.19/178
app-job|89.26|91.91|242|DEBT|docs/mutation/evidence/infection-summary-app-job.json|measured MSI 89.26 below the 95 target; re-measurement measured 88.02, weaker than the committed 89.26; the stricter committed evidence is kept
app-cqrs|88.03|88.79|117|DEBT|docs/mutation/evidence/infection-summary-app-cqrs.json|measured MSI 88.03 below the 95 target; re-measurement measured 87.18, weaker than the committed 88.03; the stricter committed evidence is kept
app-cache-res|100.00|100.00|90|OK|docs/mutation/evidence/infection-summary-app-cache-res.json|
app-msg-evt-sec|91.20|94.87|466|DEBT|docs/mutation/evidence/infection-summary-app-msg-evt-sec.json|measured MSI 91.20 below the 95 target
infra-a|89.26|92.32|633|DEBT|docs/mutation/evidence/infection-summary-infra-a.json|re-measured at the ZEF-DEEP-14 fix head (issue #168): the zone had drifted — source grew ~+210 mutants since the v2.21.1 row was recorded, so the stale 92.67 no longer reflected the tree; the changed promotion/introspection code has zero escapes (boundary mutants killed by TieredCachePromotionTtlTest); 47 pre-existing escapes in RedisLockStore/TaggableCache/Config stay on the issue #90 burn-down
ad-http-a|93.37|94.94|784|DEBT|docs/mutation/evidence/infection-summary-ad-http-a.json|measured MSI 93.37 below the 95 target
ad-http-b|91.09|94.52|303|DEBT|docs/mutation/evidence/infection-summary-ad-http-b.json|measured MSI 91.09 below the 95 target
ad-http-c2|93.99|98.29|366|DEBT|docs/mutation/evidence/infection-summary-ad-http-c2.json|measured MSI 93.99 below the 95 target
ad-kernel-app|98.26|100.00|172|OK|docs/mutation/evidence/infection-summary-ad-kernel-app.json|re-measured with a reachable Redis test server (port 6399, auth); the earlier total=0 record was a silent Infection abort, not a measurement
ad-kernel-dispatch|100.00|100.00|62|OK|docs/mutation/evidence/infection-summary-ad-kernel-dispatch.json|re-measured for audit #90 round 3: the frozen 75.81 evidence was stale — the round 1-2 killer tests (middleware, ad-runtime-sec) already covered 13 of its 15 escaped mutants (measured 96.77 pre-round-3); the two survivors were the rethrow-path telemetry pair in Dispatcher.php (93: MethodCallRemoval of the span status/event chain, 94: ArrayItemRemoval of exception.type), killed by EdgeMatrixRouterKernelTest::testHandlerExceptionMarksHandlerSpanErrorAndExceptionEvent (xdebug driver, 62 total, 62 killed)
ad-kernel-mid|99.42|99.42|171|OK|docs/mutation/evidence/infection-summary-ad-kernel-mid.json|issue #90 round 4 burn-down: 70.18 -> 99.42 (170/171 killed, +50 via 15 killer tests in tests/Unit/KernelMidMutationDebtTest.php). The SAPI surface of ResponseEmitter is invisible to plain PHPUnit in the CLI SAPI (headers_list() is always empty), so the suite bootstrap now loads namespace shadows Zef\Framework\header()/http_response_code() (tests/Unit/kernel-mid-shadow-functions.php, armed only by the debt tests) making the header/status side effects assertable; the rewrap code-0 seams of MiddlewareDefinition/ModuleBootstrapper/PipelineFactory are pinned exactly (code + previous + message), and the MiddlewarePipeline index-advance no-progress mutant is converted from an Infection 'errored' fatal to a clean kill via a call-counting middleware double. Measured in three file-group passes summed (A: MiddlewareDefinition+MiddlewarePipeline 68/68; C: ModuleBootstrapper+PipelineFactory 28/28; D: ResponseEmitter 74/75) — a single zone run exceeds the local tool window; the passes use identical config semantics (source dirs at repo root, timeout 90, @default mutators, --filter). The single survivor is ResponseEmitter:40 DecrementInteger max(0 -> -1), a documented equivalent: a real stream never reports consumed > size, so lowering the max() floor below zero is unreachable. xdebug driver.
ad-router|85.38|87.23|472|DEBT|docs/mutation/evidence/infection-summary-ad-router.json|measured MSI 85.38 below the 95 target
ad-runtime-sec|95.27|96.63|571|OK|docs/mutation/evidence/infection-summary-ad-runtime-sec.json|issue #90 round 2 burn-down: 87.63 -> 95.27 (544/571 killed, +41); 13 escaped + 8 not-covered are documented equivalents/unreachables in tests/Unit/RuntimeSecMutationDebtTest.php; production retirements: redundant max(1,...) clamp and subsumed rtrim
infra-obs|94.12|94.49|255|DEBT|docs/mutation/evidence/infection-summary-infra-obs.json|measured MSI 94.12 below the 95 target
infra-sec-fnd|87.94|91.16|340|DEBT|docs/mutation/evidence/infection-summary-infra-sec-fnd.json|measured MSI 87.94 below the 95 target
middleware|96.62|97.86|237|OK|docs/mutation/evidence/infection-summary-middleware.json|8 non-killed entries are documented equivalents: the double trim in front of OriginPolicy::normalizeOrigin() (constructor + request origin — the policy trims again internally, so the outer trims are defence-in-depth), the dead allowAll assignment (originAllowed is never read on that branch), implode() ignoring array keys on the Vary token map, the CSP coalesce differing from ?? only by a missing-key E_WARNING, and three defensive throws in connectRedis unreachable under modern phpredis (RedisException is thrown by the extension itself on connect/auth failure before the manual throw lines — verified empirically against Redis :6399). Tree grew 201 -> 237 mutants since the v2.21-era evidence; re-measured for audit #90 round 1 (pcov driver, 237 total, 229 killed)
app-obs-a|82.58|87.50|356|DEBT|docs/mutation/evidence/infection-summary-app-obs-a.json|measured MSI 82.58 below the 95 target
app-obs-b|96.05|96.05|177|OK|docs/mutation/evidence/infection-summary-app-obs-b.json|
app-obs-c|76.56|77.17|128|DEBT|docs/mutation/evidence/infection-summary-app-obs-c.json|measured MSI 76.56 below the 95 target
app-db-tx|98.15|98.15|108|OK|docs/mutation/evidence/infection-summary-app-db-tx.json|re-measured at the issue #127 landing (UnitOfWork retry isolation): the retry loop, the empty-queue fast path, the reentry guard, the backoff usleep arithmetic, the slow-hook ceil/threshold debug line and both TransactionalCommandBus dispatch routes are pinned by AppDbTxMutationDebtTest (Database-namespace hrtime/usleep shadows); the 2 escapes are equivalent mutants (empty-queue fall-through returns the same value with no observable side effect; empty-pending drain flips the flushing flag transiently); zone 95.92/49 -> 98.15/108
es-hardening|97.18|97.36|532|OK|docs/mutation/evidence/infection-summary-es-hardening.json|
app-rate-limit|95.42|95.42|393|OK|docs/mutation/evidence/infection-summary-app-rate-limit.json|re-measured after addressing review threads: trailing-slash normalisation, resolver-in-policy-envelope and named JSON depth constant added net mutants; the 2 not-covered entries are unreachable defensive withHeader type guards
app-runtime-async|96.41|96.91|390|OK|docs/mutation/evidence/infection-summary-app-runtime-async.json|12 escaped entries are documented equivalents: close() idempotence, splice fall-through and array_values gap reindex (channel), await-on-done removal and suspend(0) timer-path (behaviourally identical), redundant markObserved and disarm calls, float-exact nanosecond products for round/floor/ceil, onSettle immediate-branch, waitgroup deliver-all making splice unobservable, semaphore unregister timing; 2 not-covered defensive lines (unreachable suspension-payload and coroutine-context guards)
app-runtime-async|96.41|96.91|390|OK|docs/mutation/evidence/infection-summary-app-runtime-async.json|12 escaped entries are documented equivalents: close() idempotence, splice fall-through and array_values gap reindex (channel), await-on-done removal and suspend(0) timer-path (behaviourally identical), redundant markObserved and disarm calls, float-exact nanosecond products for round/floor/ceil, onSettle immediate-branch, waitgroup deliver-all making splice unobservable, semaphore unregister timing; 2 not-covered defensive lines (unreachable suspension-payload and coroutine-context guards)
app-rules|96.40|98.17|111|OK|docs/mutation/evidence/infection-summary-app-rules.json|2 escaped entries are documented equivalents: the twin catch arms of the await loop are identical on every reachable path because recorded verdicts are never clobbered (??= preservation), and array_values after ksort only enforces the list type (v2.26 channel precedent); 2 not-covered defensive lines (unreachable run() report guard and inner-verdict guard)
d-storage|100.00|100.00|80|OK|docs/mutation/evidence/infection-summary-d-storage.json|zero escapes, zero not-covered: every StorageKeys branch pinned with exact exception messages, ObjectStat boundaries exact (0/1024/1025), dead bare-slash branch deleted instead of documented
infra-storage|99.32|100.00|440|OK|docs/mutation/evidence/infection-summary-infra-storage.json|3 not-covered defensive lines: realpath-fail and stat-fail after successful is_dir/is_file (filesystem races), and the SimpleXML-missing guard (extension present in the measuring environment); curl wire covered deterministically via namespace-level curl shadow
infra-job-pdo|96.37|100.00|248|OK|docs/mutation/evidence/infection-summary-infra-job-pdo.json|re-measured at the v2.32.0 zone split (registry became an explicit file list when infra-job-redis was carved out): the committed 99.52/207 baseline pre-dated 41 drifted mutants (kilo-code-bot review fixes etc.); the re-measurement adds JobQueueIndexUpgradeTest kills for the CREATE UNIQUE INDEX error-classification branches and the JobRowCodec narrow casts — 0 escaped, coveredMSI 100.00; the 9 not-covered mutants are the documented defensive narrow-cast lines (PdoJobIdempotencyStore private str/intVal MySQL-profile rows, the size() COUNT-row guard) that the SQLite suite cannot reach
infra-job-redis|98.35|98.35|121|OK|docs/mutation/evidence/infection-summary-infra-job-redis.json|new zone carved out of infra-job-pdo at v2.32.0 (RedisStreamJobQueue adapter): 119/121 killed after the SonarCloud hardening round (dedicated RedisJobQueueException, strspn alphabet), 0 not-covered; the 2 escapes are triaged equivalents (the default clock closure literal 1000000000 +/-1 — sub-nanosecond-per-second jitter, unobservable in any non-racy test)
